variant	rgi_id	volume_km3	thk_mean	product_thk_mean	vel_obs_median	vel_median	vel_rms	tau_ref_median	glathida_n	glathida_mean	glathida_bias	glathida_rms
igm_guess	RGI2000-v7.0-G-11-00757	1.58	51.5	106	20.5	10	15.2	0.213				
igm_guess	RGI2000-v7.0-G-11-00823	0.752	44.9	94.3	8.43	3.24	7.87	0.213	709	129	-67.1	82.2
igm_guess	RGI2000-v7.0-G-11-01225	2.51	44.4	104	11.7	5.36	8.26	0.213	981	152	-94.8	143
igm_guess	RGI2000-v7.0-G-11-01581	0.872	46.2	68.1	20	18.6	5.57	0.213	362	96.6	-10.8	44.3
igm_guess	RGI2000-v7.0-G-11-02530	0.407	21.1	64.5	4.72	0.601	4.96	0.213	1.44e+03	135	-106	124
igm_guess	RGI2000-v7.0-G-11-02596	9.58	117	210	37.9	23.4	24.9	0.213	1.1e+03	179	-35.4	79.8
igm_guess	RGI2000-v7.0-G-11-02611	2.02	64.5	110	15.9	11.5	9.81	0.213	471	202	-73.9	107
igm_guess	RGI2000-v7.0-G-11-02645	1.87	79.6	129	12.3	10.2	5.27	0.213	1.19e+03	212	-87.1	107
igm_guess	RGI2000-v7.0-G-11-03239	0.76	45.4	132	9.4	1.98	12.2	0.213	278	120	-59.3	80.5
igm_guess	RGI2000-v7.0-G-11-03664	0.884	49.9	109	12.9	3.84	19.5	0.213	147	126	-40.9	104
joint	RGI2000-v7.0-G-11-00757	3.61	118	106	20.5	18.5	11.4	0.399				
joint	RGI2000-v7.0-G-11-00823	1.75	105	94.3	8.43	7.97	4.79	0.438	709	129	58.8	90.1
joint	RGI2000-v7.0-G-11-01225	6.47	114	104	11.7	12	4.1	0.416	981	152	66.5	97.3
joint	RGI2000-v7.0-G-11-01581	1.52	80.6	68.1	20	19.4	4.44	0.418	362	96.6	23.3	47.3
joint	RGI2000-v7.0-G-11-02530	1.61	83.4	64.5	4.72	5.07	2.69	0.407	1.44e+03	135	14.9	45.3
joint	RGI2000-v7.0-G-11-02596	18.4	225	210	37.9	39.4	5.47	0.458	1.1e+03	179	109	158
joint	RGI2000-v7.0-G-11-02611	3.89	124	110	15.9	16.3	4.7	0.404	471	202	42.1	105
joint	RGI2000-v7.0-G-11-02645	3.47	147	129	12.3	12.2	3.85	0.375	1.19e+03	212	2.96	53.9
joint	RGI2000-v7.0-G-11-03239	2.33	139	132	9.4	8.7	8.65	0.409	278	120	76	104
joint	RGI2000-v7.0-G-11-03664	2.21	125	109	12.9	9.45	13.2	0.419	147	126	109	135
slide_only	RGI2000-v7.0-G-11-00757	3.62	118	106	20.5	18.7	11.4	0.384				
slide_only	RGI2000-v7.0-G-11-00823	1.75	105	94.3	8.43	7.89	5.83	0.436	709	129	58.9	90.2
slide_only	RGI2000-v7.0-G-11-01225	6.48	115	104	11.7	11.4	4	0.409	981	152	66.6	97.3
slide_only	RGI2000-v7.0-G-11-01581	1.52	80.8	68.1	20	19.2	4.33	0.403	362	96.6	23.3	47.4
slide_only	RGI2000-v7.0-G-11-02530	1.61	83.6	64.5	4.72	5.11	2.68	0.384	1.44e+03	135	15	45.4
slide_only	RGI2000-v7.0-G-11-02596	18.4	225	210	37.9	39.6	5.5	0.453	1.1e+03	179	109	158
slide_only	RGI2000-v7.0-G-11-02611	3.89	124	110	15.9	16.1	4.79	0.404	471	202	42.2	105
slide_only	RGI2000-v7.0-G-11-02645	3.48	148	129	12.3	11.8	3.68	0.369	1.19e+03	212	3.15	54.1
slide_only	RGI2000-v7.0-G-11-03239	2.33	139	132	9.4	8.41	8.88	0.435	278	120	76.1	104
slide_only	RGI2000-v7.0-G-11-03664	2.21	125	109	12.9	9.21	13.6	0.403	147	126	109	135
