glacier	variant	n	survey_year	obs_mean	shift_mean	bias_raw	bias_2000	rms_2000
Grosser_Aletschglets	igm_guess	1103	2010	179	18.2	-35.4	-53.6	94.6
Grosser_Aletschglets	slide_only	1103	2010	179	18.2	109	90.8	141
Grosser_Aletschglets	joint	1103	2010	179	18.2	109	90.8	141
Gornergletscher	igm_guess	981	2008	152	12.3	-94.6	-107	152
Gornergletscher	slide_only	981	2008	152	12.3	66.7	54.4	86.9
Gornergletscher	joint	981	2008	152	12.3	66.6	54.3	86.9
Fieschergletscher_VS	igm_guess	470	2011	203	24.7	-73.8	-98.5	128
Fieschergletscher_VS	slide_only	470	2011	203	24.7	42	17.3	95.2
Fieschergletscher_VS	joint	470	2011	203	24.7	42	17.2	95.1
Unteraargletscher	igm_guess	1190	2000	212	-1.32	-87.1	-85.7	104
Unteraargletscher	slide_only	1190	2000	212	-1.32	3.15	4.47	58
Unteraargletscher	joint	1190	2000	212	-1.32	2.96	4.28	57.8
Oberaletsch_Gletsche	igm_guess	1439	2011	135	28.2	-106	-134	152
Oberaletsch_Gletsche	slide_only	1439	2011	135	28.2	15	-13.2	44.8
Oberaletsch_Gletsche	joint	1439	2011	135	28.2	14.9	-13.3	44.7
Fieschergletscher_BE	igm_guess	362	2019	96.6	17.2	-10.8	-28	51.2
Fieschergletscher_BE	slide_only	362	2019	96.6	17.2	23.3	6.1	39.7
Fieschergletscher_BE	joint	362	2019	96.6	17.2	23.3	6.09	39.6
Pasterze	igm_guess	147	1998	126	-5.37	-40.9	-35.5	98.4
Pasterze	slide_only	147	1998	126	-5.37	109	115	139
Pasterze	joint	147	1998	126	-5.37	109	115	139
Gepatsch_Ferner	igm_guess	278	2001	120	0.801	-59.3	-60.1	81.1
Gepatsch_Ferner	slide_only	278	2001	120	0.801	76.1	75.3	103
Gepatsch_Ferner	joint	278	2001	120	0.801	76	75.2	103
Glacier_de_Corbassie	igm_guess	709	2011	129	20.4	-67.1	-87.5	102
Glacier_de_Corbassie	slide_only	709	2011	129	20.4	58.9	38.5	73.9
Glacier_de_Corbassie	joint	709	2011	129	20.4	58.7	38.4	73.7
