glacier	tau_ref	thk_mean	glathida_bias	glathida_rms	speed_ratio	speed_rms	sliding_share
Rhone	0.05	24	-121	140	6.68	242	0.997
Rhone	0.1	30.6	-107	126	0.921	5.75	0.955
Rhone	0.15	49.3	-82.1	99.6	0.877	6.67	0.871
Rhone	0.213	66.7	-70.9	84.6	0.807	8.28	0.692
Rhone	0.3	92.8	-39.2	59	0.859	7.5	0.452
Rhone	0.5	57.7	-67.8	94.6	0.157	29.4	0.59
Rhone	1	410	413	452	116	5.03e+03	0.982
Rhone	2	690	569	581	2.83e+03	7.5e+04	0.839
Aletsch	0.05	75.1	-93.1	123	2	71.4	0.974
Aletsch	0.1	78.7	-86.5	113	1.21	22	0.94
Aletsch	0.15	100	-63.1	85.7	0.978	6.67	0.834
Aletsch	0.213	125	-28.7	70	0.889	15.4	0.65
Aletsch	0.3	160	13	65.4	0.95	8.22	0.405
Aletsch	0.5	106	-51.5	94.6	0.351	43.9	0.194
Aletsch	1	195	54.1	91.4	381	2.07e+04	0.851
Aletsch	2	716	558	572	1.29e+03	7.29e+04	0.852
